,nombre,sim_config,avg,prod,expected_volume,nominal_diff,relative_diff,tipo_agricultor,tipo_feriante,tipo_consumidor,abs_error,abs_percentage_error
0,Ajo,sim_config_1.json,3930990.0,Ajo,2220500.0,1710490.0,0.7703174960594461,simple,static,single,1710490.0,0.7703174960594461
1,Alcachofa,sim_config_1.json,5109285.0,Alcachofa,196915.38461538462,4912369.615384615,24.946601429743346,simple,static,single,4912369.615384615,24.946601429743346
2,Apio,sim_config_1.json,1587351.5999999999,Apio,450000.0,1137351.5999999999,2.5274479999999997,simple,static,single,1137351.5999999999,2.5274479999999997
3,Arveja Verde,sim_config_1.json,438650.25,Arveja Verde,116750.0,321900.25,2.7571755888650964,simple,static,single,321900.25,2.7571755888650964
4,Brócoli,sim_config_1.json,13137692.5,Brócoli,4899440.0,8238252.5,1.6814681882011004,simple,static,single,8238252.5,1.6814681882011004
5,Choclo,sim_config_1.json,5232254.166666667,Choclo,17291000.0,-12058745.833333332,-0.6974001407283171,simple,static,single,12058745.833333332,0.6974001407283171
6,Coliflor,sim_config_1.json,3914880.0,Coliflor,4880610.0,-965730.0,-0.19787075795853387,simple,static,single,965730.0,0.19787075795853387
7,Espinaca,sim_config_1.json,2242167.825,Espinaca,1166600.0,1075567.8250000002,0.9219679624549976,simple,static,single,1075567.8250000002,0.9219679624549976
8,Frutilla,sim_config_1.json,7168761.25,Frutilla,1703043.0,5465718.25,3.2093835857344764,simple,static,single,5465718.25,3.2093835857344764
9,Haba,sim_config_1.json,656259.0,Haba,1008923.0769230769,-352664.0769230769,-0.3495450594693504,simple,static,single,352664.0769230769,0.3495450594693504
10,Lechuga,sim_config_1.json,2106039.9999999995,Lechuga,1009980.0,1096059.9999999995,1.0852294104833755,simple,static,single,1096059.9999999995,1.0852294104833755
11,Melón,sim_config_1.json,11730408.333333334,Melón,118738.46153846153,11611669.871794872,97.79198518614496,simple,static,single,11611669.871794872,97.79198518614496
12,Pepino ensalada,sim_config_1.json,1288850.0,Pepino ensalada,698600.0,590250.0,0.8449040939020899,simple,static,single,590250.0,0.8449040939020899
13,Poroto granado,sim_config_1.json,2706155.65,Poroto granado,795361.5384615385,1910794.1115384614,2.4024220673713934,simple,static,single,1910794.1115384614,2.4024220673713934
14,Poroto verde,sim_config_1.json,1933530.133333333,Poroto verde,145250.0,1788280.133333333,12.31173930005737,simple,static,single,1788280.133333333,12.31173930005737
15,Repollo,sim_config_1.json,257742.5,Repollo,10900.0,246842.5,22.64610091743119,simple,static,single,246842.5,22.64610091743119
16,Sandia,sim_config_1.json,2017517.5,Sandia,85578.46153846153,1931939.0384615385,22.5750615719268,simple,static,single,1931939.0384615385,22.5750615719268
17,Tomate,sim_config_1.json,10985130.0,Tomate,4598640.0,6386490.0,1.3887779865351495,simple,static,single,6386490.0,1.3887779865351495
18,Zanahoria,sim_config_1.json,4119751.9499999997,Zanahoria,3576960.0,542791.9499999997,0.15174672067901226,simple,static,single,542791.9499999997,0.15174672067901226
19,Zapallo italiano,sim_config_1.json,7710300.0,Zapallo italiano,2927400.0,4782900.0,1.6338389014142243,simple,static,single,4782900.0,1.6338389014142243
20,Ajo,sim_config_10.json,0.0,Ajo,2220500.0,-2220500.0,-1.0,ganancia,seasonal-proportional,single,2220500.0,1.0
21,Alcachofa,sim_config_10.json,0.0,Alcachofa,196915.38461538462,-196915.38461538462,-1.0,ganancia,seasonal-proportional,single,196915.38461538462,1.0
22,Apio,sim_config_10.json,2067171.0,Apio,450000.0,1617171.0,3.5937133333333335,ganancia,seasonal-proportional,single,1617171.0,3.5937133333333335
23,Arveja Verde,sim_config_10.json,0.0,Arveja Verde,116750.0,-116750.0,-1.0,ganancia,seasonal-proportional,single,116750.0,1.0
24,Brócoli,sim_config_10.json,0.0,Brócoli,4899440.0,-4899440.0,-1.0,ganancia,seasonal-proportional,single,4899440.0,1.0
25,Choclo,sim_config_10.json,0.0,Choclo,17291000.0,-17291000.0,-1.0,ganancia,seasonal-proportional,single,17291000.0,1.0
26,Coliflor,sim_config_10.json,0.0,Coliflor,4880610.0,-4880610.0,-1.0,ganancia,seasonal-proportional,single,4880610.0,1.0
27,Espinaca,sim_config_10.json,0.0,Espinaca,1166600.0,-1166600.0,-1.0,ganancia,seasonal-proportional,single,1166600.0,1.0
28,Frutilla,sim_config_10.json,19514775.0,Frutilla,1703043.0,17811732.0,10.45876821665689,ganancia,seasonal-proportional,single,17811732.0,10.45876821665689
29,Haba,sim_config_10.json,0.0,Haba,1008923.0769230769,-1008923.0769230769,-1.0,ganancia,seasonal-proportional,single,1008923.0769230769,1.0
30,Lechuga,sim_config_10.json,0.0,Lechuga,1009980.0,-1009980.0,-1.0,ganancia,seasonal-proportional,single,1009980.0,1.0
31,Melón,sim_config_10.json,0.0,Melón,118738.46153846153,-118738.46153846153,-1.0,ganancia,seasonal-proportional,single,118738.46153846153,1.0
32,Pepino ensalada,sim_config_10.json,0.0,Pepino ensalada,698600.0,-698600.0,-1.0,ganancia,seasonal-proportional,single,698600.0,1.0
33,Poroto granado,sim_config_10.json,0.0,Poroto granado,795361.5384615385,-795361.5384615385,-1.0,ganancia,seasonal-proportional,single,795361.5384615385,1.0
34,Poroto verde,sim_config_10.json,0.0,Poroto verde,145250.0,-145250.0,-1.0,ganancia,seasonal-proportional,single,145250.0,1.0
35,Repollo,sim_config_10.json,0.0,Repollo,10900.0,-10900.0,-1.0,ganancia,seasonal-proportional,single,10900.0,1.0
36,Sandia,sim_config_10.json,0.0,Sandia,85578.46153846153,-85578.46153846153,-1.0,ganancia,seasonal-proportional,single,85578.46153846153,1.0
37,Tomate,sim_config_10.json,0.0,Tomate,4598640.0,-4598640.0,-1.0,ganancia,seasonal-proportional,single,4598640.0,1.0
38,Zanahoria,sim_config_10.json,0.0,Zanahoria,3576960.0,-3576960.0,-1.0,ganancia,seasonal-proportional,single,3576960.0,1.0
39,Zapallo italiano,sim_config_10.json,1480761.0,Zapallo italiano,2927400.0,-1446639.0,-0.49417196146751385,ganancia,seasonal-proportional,single,1446639.0,0.49417196146751385
40,Ajo,sim_config_11.json,0.0,Ajo,2220500.0,-2220500.0,-1.0,ganancia,seasonal-proportional,family,2220500.0,1.0
41,Alcachofa,sim_config_11.json,0.0,Alcachofa,196915.38461538462,-196915.38461538462,-1.0,ganancia,seasonal-proportional,family,196915.38461538462,1.0
42,Apio,sim_config_11.json,2065670.9999999998,Apio,450000.0,1615670.9999999998,3.5903799999999997,ganancia,seasonal-proportional,family,1615670.9999999998,3.5903799999999997
43,Arveja Verde,sim_config_11.json,0.0,Arveja Verde,116750.0,-116750.0,-1.0,ganancia,seasonal-proportional,family,116750.0,1.0
44,Brócoli,sim_config_11.json,0.0,Brócoli,4899440.0,-4899440.0,-1.0,ganancia,seasonal-proportional,family,4899440.0,1.0
45,Choclo,sim_config_11.json,0.0,Choclo,17291000.0,-17291000.0,-1.0,ganancia,seasonal-proportional,family,17291000.0,1.0
46,Coliflor,sim_config_11.json,0.0,Coliflor,4880610.0,-4880610.0,-1.0,ganancia,seasonal-proportional,family,4880610.0,1.0
47,Espinaca,sim_config_11.json,0.0,Espinaca,1166600.0,-1166600.0,-1.0,ganancia,seasonal-proportional,family,1166600.0,1.0
48,Frutilla,sim_config_11.json,19499401.25,Frutilla,1703043.0,17796358.25,10.449740993034233,ganancia,seasonal-proportional,family,17796358.25,10.449740993034233
49,Haba,sim_config_11.json,0.0,Haba,1008923.0769230769,-1008923.0769230769,-1.0,ganancia,seasonal-proportional,family,1008923.0769230769,1.0
50,Lechuga,sim_config_11.json,0.0,Lechuga,1009980.0,-1009980.0,-1.0,ganancia,seasonal-proportional,family,1009980.0,1.0
51,Melón,sim_config_11.json,0.0,Melón,118738.46153846153,-118738.46153846153,-1.0,ganancia,seasonal-proportional,family,118738.46153846153,1.0
52,Pepino ensalada,sim_config_11.json,0.0,Pepino ensalada,698600.0,-698600.0,-1.0,ganancia,seasonal-proportional,family,698600.0,1.0
53,Poroto granado,sim_config_11.json,0.0,Poroto granado,795361.5384615385,-795361.5384615385,-1.0,ganancia,seasonal-proportional,family,795361.5384615385,1.0
54,Poroto verde,sim_config_11.json,0.0,Poroto verde,145250.0,-145250.0,-1.0,ganancia,seasonal-proportional,family,145250.0,1.0
55,Repollo,sim_config_11.json,0.0,Repollo,10900.0,-10900.0,-1.0,ganancia,seasonal-proportional,family,10900.0,1.0
56,Sandia,sim_config_11.json,0.0,Sandia,85578.46153846153,-85578.46153846153,-1.0,ganancia,seasonal-proportional,family,85578.46153846153,1.0
57,Tomate,sim_config_11.json,0.0,Tomate,4598640.0,-4598640.0,-1.0,ganancia,seasonal-proportional,family,4598640.0,1.0
58,Zanahoria,sim_config_11.json,0.0,Zanahoria,3576960.0,-3576960.0,-1.0,ganancia,seasonal-proportional,family,3576960.0,1.0
59,Zapallo italiano,sim_config_11.json,1480344.0,Zapallo italiano,2927400.0,-1447056.0,-0.4943144086903054,ganancia,seasonal-proportional,family,1447056.0,0.4943144086903054
60,Ajo,sim_config_12.json,0.0,Ajo,2220500.0,-2220500.0,-1.0,ganancia,seasonal-proportional,family_budget,2220500.0,1.0
61,Alcachofa,sim_config_12.json,0.0,Alcachofa,196915.38461538462,-196915.38461538462,-1.0,ganancia,seasonal-proportional,family_budget,196915.38461538462,1.0
62,Apio,sim_config_12.json,2067357.6000000003,Apio,450000.0,1617357.6000000003,3.594128000000001,ganancia,seasonal-proportional,family_budget,1617357.6000000003,3.594128000000001
63,Arveja Verde,sim_config_12.json,0.0,Arveja Verde,116750.0,-116750.0,-1.0,ganancia,seasonal-proportional,family_budget,116750.0,1.0
64,Brócoli,sim_config_12.json,0.0,Brócoli,4899440.0,-4899440.0,-1.0,ganancia,seasonal-proportional,family_budget,4899440.0,1.0
65,Choclo,sim_config_12.json,0.0,Choclo,17291000.0,-17291000.0,-1.0,ganancia,seasonal-proportional,family_budget,17291000.0,1.0
66,Coliflor,sim_config_12.json,0.0,Coliflor,4880610.0,-4880610.0,-1.0,ganancia,seasonal-proportional,family_budget,4880610.0,1.0
67,Espinaca,sim_config_12.json,0.0,Espinaca,1166600.0,-1166600.0,-1.0,ganancia,seasonal-proportional,family_budget,1166600.0,1.0
68,Frutilla,sim_config_12.json,19512832.5,Frutilla,1703043.0,17809789.5,10.457627611281689,ganancia,seasonal-proportional,family_budget,17809789.5,10.457627611281689
69,Haba,sim_config_12.json,0.0,Haba,1008923.0769230769,-1008923.0769230769,-1.0,ganancia,seasonal-proportional,family_budget,1008923.0769230769,1.0
70,Lechuga,sim_config_12.json,0.0,Lechuga,1009980.0,-1009980.0,-1.0,ganancia,seasonal-proportional,family_budget,1009980.0,1.0
71,Melón,sim_config_12.json,0.0,Melón,118738.46153846153,-118738.46153846153,-1.0,ganancia,seasonal-proportional,family_budget,118738.46153846153,1.0
72,Pepino ensalada,sim_config_12.json,0.0,Pepino ensalada,698600.0,-698600.0,-1.0,ganancia,seasonal-proportional,family_budget,698600.0,1.0
73,Poroto granado,sim_config_12.json,0.0,Poroto granado,795361.5384615385,-795361.5384615385,-1.0,ganancia,seasonal-proportional,family_budget,795361.5384615385,1.0
74,Poroto verde,sim_config_12.json,0.0,Poroto verde,145250.0,-145250.0,-1.0,ganancia,seasonal-proportional,family_budget,145250.0,1.0
75,Repollo,sim_config_12.json,0.0,Repollo,10900.0,-10900.0,-1.0,ganancia,seasonal-proportional,family_budget,10900.0,1.0
76,Sandia,sim_config_12.json,0.0,Sandia,85578.46153846153,-85578.46153846153,-1.0,ganancia,seasonal-proportional,family_budget,85578.46153846153,1.0
77,Tomate,sim_config_12.json,0.0,Tomate,4598640.0,-4598640.0,-1.0,ganancia,seasonal-proportional,family_budget,4598640.0,1.0
78,Zanahoria,sim_config_12.json,0.0,Zanahoria,3576960.0,-3576960.0,-1.0,ganancia,seasonal-proportional,family_budget,3576960.0,1.0
79,Zapallo italiano,sim_config_12.json,1480488.0,Zapallo italiano,2927400.0,-1446912.0,-0.4942652182824349,ganancia,seasonal-proportional,family_budget,1446912.0,0.4942652182824349
80,Ajo,sim_config_13.json,3792265.5,Ajo,2220500.0,1571765.5,0.7078430533663589,risk,static,single,1571765.5,0.7078430533663589
81,Alcachofa,sim_config_13.json,299467.5,Alcachofa,196915.38461538462,102552.11538461538,0.5207928044064221,risk,static,single,102552.11538461538,0.5207928044064221
82,Apio,sim_config_13.json,1578889.2,Apio,450000.0,1128889.2,2.5086426666666664,risk,static,single,1128889.2,2.5086426666666664
83,Arveja Verde,sim_config_13.json,439590.5,Arveja Verde,116750.0,322840.5,2.7652291220556746,risk,static,single,322840.5,2.7652291220556746
84,Brócoli,sim_config_13.json,9798922.5,Brócoli,4899440.0,4899482.5,1.0000086744607548,risk,static,single,4899482.5,1.0000086744607548
85,Choclo,sim_config_13.json,737279.1666666666,Choclo,17291000.0,-16553720.833333334,-0.9573605247431226,risk,static,single,16553720.833333334,0.9573605247431226
86,Coliflor,sim_config_13.json,1656776.6666666667,Coliflor,4880610.0,-3223833.333333333,-0.6605390173222883,risk,static,single,3223833.333333333,0.6605390173222883
87,Espinaca,sim_config_13.json,1934738.9749999999,Espinaca,1166600.0,768138.9749999999,0.6584424609977712,risk,static,single,768138.9749999999,0.6584424609977712
88,Frutilla,sim_config_13.json,14523110.0,Frutilla,1703043.0,12820067.0,7.52774122555919,risk,static,single,12820067.0,7.52774122555919
89,Haba,sim_config_13.json,645209.1666666666,Haba,1008923.0769230769,-363713.91025641025,-0.36049716631086715,risk,static,single,363713.91025641025,0.36049716631086715
90,Lechuga,sim_config_13.json,2110039.2,Lechuga,1009980.0,1100059.2000000002,1.089189092853324,risk,static,single,1100059.2000000002,1.089189092853324
91,Melón,sim_config_13.json,661108.3333333334,Melón,118738.46153846153,542369.8717948719,4.567769067979616,risk,static,single,542369.8717948719,4.567769067979616
92,Pepino ensalada,sim_config_13.json,845209.0,Pepino ensalada,698600.0,146609.0,0.20986115087317492,risk,static,single,146609.0,0.20986115087317492
93,Poroto granado,sim_config_13.json,743211.7000000001,Poroto granado,795361.5384615385,-52149.83846153843,-0.06556746327262876,risk,static,single,52149.83846153843,0.06556746327262876
94,Poroto verde,sim_config_13.json,719245.6333333333,Poroto verde,145250.0,573995.6333333333,3.951777165806081,risk,static,single,573995.6333333333,3.951777165806081
95,Repollo,sim_config_13.json,257780.0,Repollo,10900.0,246880.0,22.64954128440367,risk,static,single,246880.0,22.64954128440367
96,Sandia,sim_config_13.json,2018039.5833333333,Sandia,85578.46153846153,1932461.1217948718,22.58116221131605,risk,static,single,1932461.1217948718,22.58116221131605
97,Tomate,sim_config_13.json,17024235.0,Tomate,4598640.0,12425595.0,2.7020151610041228,risk,static,single,12425595.0,2.7020151610041228
98,Zanahoria,sim_config_13.json,3536341.6999999997,Zanahoria,3576960.0,-40618.30000000028,-0.011355536544999184,risk,static,single,40618.30000000028,0.011355536544999184
99,Zapallo italiano,sim_config_13.json,2768862.0,Zapallo italiano,2927400.0,-158538.0,-0.05415658946505431,risk,static,single,158538.0,0.05415658946505431
100,Ajo,sim_config_14.json,3920077.5,Ajo,2220500.0,1699577.5,0.7654030623733393,risk,static,family,1699577.5,0.7654030623733393
101,Alcachofa,sim_config_14.json,326465.0,Alcachofa,196915.38461538462,129549.61538461538,0.6578948396421734,risk,static,family,129549.61538461538,0.6578948396421734
102,Apio,sim_config_14.json,1581216.6000000003,Apio,450000.0,1131216.6000000003,2.513814666666667,risk,static,family,1131216.6000000003,2.513814666666667
103,Arveja Verde,sim_config_14.json,440784.625,Arveja Verde,116750.0,324034.625,2.7754571734475375,risk,static,family,324034.625,2.7754571734475375
104,Brócoli,sim_config_14.json,10037407.5,Brócoli,4899440.0,5137967.5,1.0486846455921492,risk,static,family,5137967.5,1.0486846455921492
105,Choclo,sim_config_14.json,797425.0,Choclo,17291000.0,-16493575.0,-0.9538820773812966,risk,static,family,16493575.0,0.9538820773812966
106,Coliflor,sim_config_14.json,2007769.1666666667,Coliflor,4880610.0,-2872840.833333333,-0.5886233141622323,risk,static,family,2872840.833333333,0.5886233141622323
107,Espinaca,sim_config_14.json,1996880.3500000003,Espinaca,1166600.0,830280.3500000003,0.7117095405451743,risk,static,family,830280.3500000003,0.7117095405451743
108,Frutilla,sim_config_14.json,14253041.25,Frutilla,1703043.0,12549998.25,7.369161113371771,risk,static,family,12549998.25,7.369161113371771
109,Haba,sim_config_14.json,653568.5,Haba,1008923.0769230769,-355354.5769230769,-0.35221176425739553,risk,static,family,355354.5769230769,0.35221176425739553
110,Lechuga,sim_config_14.json,2092002.0,Lechuga,1009980.0,1082022.0,1.0713301253490168,risk,static,family,1082022.0,1.0713301253490168
111,Melón,sim_config_14.json,708466.6666666666,Melón,118738.46153846153,589728.2051282051,4.966614839768507,risk,static,family,589728.2051282051,4.966614839768507
112,Pepino ensalada,sim_config_14.json,1004225.0,Pepino ensalada,698600.0,305625.0,0.43748210707128543,risk,static,family,305625.0,0.43748210707128543
113,Poroto granado,sim_config_14.json,741617.25,Poroto granado,795361.5384615385,-53744.2884615385,-0.06757214909523492,risk,static,family,53744.2884615385,0.06757214909523492
114,Poroto verde,sim_config_14.json,763895.0,Poroto verde,145250.0,618645.0,4.259173838209983,risk,static,family,618645.0,4.259173838209983
115,Repollo,sim_config_14.json,258280.0,Repollo,10900.0,247380.0,22.695412844036696,risk,static,family,247380.0,22.695412844036696
116,Sandia,sim_config_14.json,2014694.5833333333,Sandia,85578.46153846153,1929116.1217948718,22.542075273553134,risk,static,family,1929116.1217948718,22.542075273553134
117,Tomate,sim_config_14.json,16214310.0,Tomate,4598640.0,11615670.0,2.5258924377642087,risk,static,family,11615670.0,2.5258924377642087
118,Zanahoria,sim_config_14.json,3714358.0499999993,Zanahoria,3576960.0,137398.04999999935,0.038411961553945065,risk,static,family,137398.04999999935,0.038411961553945065
119,Zapallo italiano,sim_config_14.json,2622849.0,Zapallo italiano,2927400.0,-304551.0,-0.10403463824554211,risk,static,family,304551.0,0.10403463824554211
120,Ajo,sim_config_15.json,3809853.0,Ajo,2220500.0,1589353.0,0.7157635667642422,risk,static,family_budget,1589353.0,0.7157635667642422
121,Alcachofa,sim_config_15.json,260380.0,Alcachofa,196915.38461538462,63464.615384615376,0.3222938396031094,risk,static,family_budget,63464.615384615376,0.3222938396031094
122,Apio,sim_config_15.json,1589196.0,Apio,450000.0,1139196.0,2.531546666666667,risk,static,family_budget,1139196.0,2.531546666666667
123,Arveja Verde,sim_config_15.json,440022.375,Arveja Verde,116750.0,323272.375,2.7689282655246252,risk,static,family_budget,323272.375,2.7689282655246252
124,Brócoli,sim_config_15.json,9870530.0,Brócoli,4899440.0,4971090.0,1.014624120307627,risk,static,family_budget,4971090.0,1.014624120307627
125,Choclo,sim_config_15.json,641329.1666666666,Choclo,17291000.0,-16649670.833333334,-0.9629096543481195,risk,static,family_budget,16649670.833333334,0.9629096543481195
126,Coliflor,sim_config_15.json,1830707.5,Coliflor,4880610.0,-3049902.5,-0.6249019077533341,risk,static,family_budget,3049902.5,0.6249019077533341
127,Espinaca,sim_config_15.json,1942445.075,Espinaca,1166600.0,775845.075,0.6650480670324018,risk,static,family_budget,775845.075,0.6650480670324018
128,Frutilla,sim_config_15.json,14907742.5,Frutilla,1703043.0,13204699.5,7.753591365573271,risk,static,family_budget,13204699.5,7.753591365573271
129,Haba,sim_config_15.json,647762.0,Haba,1008923.0769230769,-361161.0769230769,-0.35796691064348884,risk,static,family_budget,361161.0769230769,0.35796691064348884
130,Lechuga,sim_config_15.json,2098353.6,Lechuga,1009980.0,1088373.6,1.0776189627517379,risk,static,family_budget,1088373.6,1.0776189627517379
131,Melón,sim_config_15.json,817325.0,Melón,118738.46153846153,698586.5384615385,5.883405675045349,risk,static,family_budget,698586.5384615385,5.883405675045349
132,Pepino ensalada,sim_config_15.json,981919.0,Pepino ensalada,698600.0,283319.0,0.40555253363870597,risk,static,family_budget,283319.0,0.40555253363870597
133,Poroto granado,sim_config_15.json,747703.0,Poroto granado,795361.5384615385,-47658.5384615385,-0.059920597309399734,risk,static,family_budget,47658.5384615385,0.059920597309399734
134,Poroto verde,sim_config_15.json,766754.2666666666,Poroto verde,145250.0,621504.2666666666,4.278858978772232,risk,static,family_budget,621504.2666666666,4.278858978772232
135,Repollo,sim_config_15.json,257062.5,Repollo,10900.0,246162.5,22.583715596330276,risk,static,family_budget,246162.5,22.583715596330276
136,Sandia,sim_config_15.json,2015650.8333333333,Sandia,85578.46153846153,1930072.3717948718,22.55324922997639,risk,static,family_budget,1930072.3717948718,22.55324922997639
137,Tomate,sim_config_15.json,17596740.0,Tomate,4598640.0,12998100.0,2.826509576744429,risk,static,family_budget,12998100.0,2.826509576744429
138,Zanahoria,sim_config_15.json,3549584.6999999997,Zanahoria,3576960.0,-27375.30000000028,-0.00765323067632858,risk,static,family_budget,27375.30000000028,0.00765323067632858
139,Zapallo italiano,sim_config_15.json,2707315.5,Zapallo italiano,2927400.0,-220084.5,-0.07518087722894036,risk,static,family_budget,220084.5,0.07518087722894036
140,Ajo,sim_config_16.json,4153570.5,Ajo,2220500.0,1933070.5,0.8705564062148164,risk,seasonal,single,1933070.5,0.8705564062148164
141,Alcachofa,sim_config_16.json,366195.0,Alcachofa,196915.38461538462,169279.61538461538,0.8596566272120004,risk,seasonal,single,169279.61538461538,0.8596566272120004
142,Apio,sim_config_16.json,1759394.9999999998,Apio,450000.0,1309394.9999999998,2.909766666666666,risk,seasonal,single,1309394.9999999998,2.909766666666666
143,Arveja Verde,sim_config_16.json,487845.625,Arveja Verde,116750.0,371095.625,3.178549250535332,risk,seasonal,single,371095.625,3.178549250535332
144,Brócoli,sim_config_16.json,10759275.0,Brócoli,4899440.0,5859835.0,1.196021382035498,risk,seasonal,single,5859835.0,1.196021382035498
145,Choclo,sim_config_16.json,717766.6666666666,Choclo,17291000.0,-16573233.333333334,-0.9584890019856187,risk,seasonal,single,16573233.333333334,0.9584890019856187
146,Coliflor,sim_config_16.json,1731221.6666666667,Coliflor,4880610.0,-3149388.333333333,-0.6452858010235059,risk,seasonal,single,3149388.333333333,0.6452858010235059
147,Espinaca,sim_config_16.json,2094247.425,Espinaca,1166600.0,927647.425,0.7951718026744385,risk,seasonal,single,927647.425,0.7951718026744385
148,Frutilla,sim_config_16.json,13726711.25,Frutilla,1703043.0,12023668.25,7.060108435312555,risk,seasonal,single,12023668.25,7.060108435312555
149,Haba,sim_config_16.json,555858.5,Haba,1008923.0769230769,-453064.5769230769,-0.4490576014028667,risk,seasonal,single,453064.5769230769,0.4490576014028667
150,Lechuga,sim_config_16.json,2323342.8,Lechuga,1009980.0,1313362.7999999998,1.3003849581179823,risk,seasonal,single,1313362.7999999998,1.3003849581179823
151,Melón,sim_config_16.json,851658.3333333334,Melón,118738.46153846153,732919.8717948719,6.172556577697159,risk,seasonal,single,732919.8717948719,6.172556577697159
152,Pepino ensalada,sim_config_16.json,855136.0,Pepino ensalada,698600.0,156536.0,0.22407099914113943,risk,seasonal,single,156536.0,0.22407099914113943
153,Poroto granado,sim_config_16.json,833892.4,Poroto granado,795361.5384615385,38530.861538461526,0.048444461638151956,risk,seasonal,single,38530.861538461526,0.048444461638151956
154,Poroto verde,sim_config_16.json,928813.6000000001,Poroto verde,145250.0,783563.6000000001,5.394585886402755,risk,seasonal,single,783563.6000000001,5.394585886402755
155,Repollo,sim_config_16.json,285515.75,Repollo,10900.0,274615.75,25.194105504587156,risk,seasonal,single,274615.75,25.194105504587156
156,Sandia,sim_config_16.json,815815.8333333334,Sandia,85578.46153846153,730237.3717948719,8.532957459940796,risk,seasonal,single,730237.3717948719,8.532957459940796
157,Tomate,sim_config_16.json,15890280.0,Tomate,4598640.0,11291640.0,2.455430301132509,risk,seasonal,single,11291640.0,2.455430301132509
158,Zanahoria,sim_config_16.json,3957155.4500000007,Zanahoria,3576960.0,380195.45000000065,0.10629010388709985,risk,seasonal,single,380195.45000000065,0.10629010388709985
159,Zapallo italiano,sim_config_16.json,2599939.5,Zapallo italiano,2927400.0,-327460.5,-0.11186052469768396,risk,seasonal,single,327460.5,0.11186052469768396
160,Ajo,sim_config_17.json,4128939.0,Ajo,2220500.0,1908439.0,0.8594636343165953,risk,seasonal,family,1908439.0,0.8594636343165953
161,Alcachofa,sim_config_17.json,249705.0,Alcachofa,196915.38461538462,52789.615384615376,0.26808273760693774,risk,seasonal,family,52789.615384615376,0.26808273760693774
162,Apio,sim_config_17.json,1754351.4000000001,Apio,450000.0,1304351.4000000001,2.898558666666667,risk,seasonal,family,1304351.4000000001,2.898558666666667
163,Arveja Verde,sim_config_17.json,487685.875,Arveja Verde,116750.0,370935.875,3.177180942184154,risk,seasonal,family,370935.875,3.177180942184154
164,Brócoli,sim_config_17.json,10744185.0,Brócoli,4899440.0,5844745.0,1.1929414382051826,risk,seasonal,family,5844745.0,1.1929414382051826
165,Choclo,sim_config_17.json,641462.5,Choclo,17291000.0,-16649537.5,-0.9629019432074489,risk,seasonal,family,16649537.5,0.9629019432074489
166,Coliflor,sim_config_17.json,1604028.3333333333,Coliflor,4880610.0,-3276581.666666667,-0.6713467510550253,risk,seasonal,family,3276581.666666667,0.6713467510550253
167,Espinaca,sim_config_17.json,2141916.275,Espinaca,1166600.0,975316.2749999999,0.8360331518943939,risk,seasonal,family,975316.2749999999,0.8360331518943939
168,Frutilla,sim_config_17.json,15196352.5,Frutilla,1703043.0,13493309.5,7.923058607445614,risk,seasonal,family,13493309.5,7.923058607445614
169,Haba,sim_config_17.json,563497.1666666666,Haba,1008923.0769230769,-445425.91025641025,-0.44148649232489584,risk,seasonal,family,445425.91025641025,0.44148649232489584
170,Lechuga,sim_config_17.json,2331432.3999999994,Lechuga,1009980.0,1321452.3999999994,1.308394621675676,risk,seasonal,family,1321452.3999999994,1.308394621675676
171,Melón,sim_config_17.json,692483.3333333334,Melón,118738.46153846153,573744.8717948719,4.832005269067981,risk,seasonal,family,573744.8717948719,4.832005269067981
172,Pepino ensalada,sim_config_17.json,1054712.0,Pepino ensalada,698600.0,356112.0,0.5097509304322931,risk,seasonal,family,356112.0,0.5097509304322931
173,Poroto granado,sim_config_17.json,827721.9500000001,Poroto granado,795361.5384615385,32360.411538461572,0.04068641740089175,risk,seasonal,family,32360.411538461572,0.04068641740089175
174,Poroto verde,sim_config_17.json,800641.2333333334,Poroto verde,145250.0,655391.2333333334,4.512159954102123,risk,seasonal,family,655391.2333333334,4.512159954102123
175,Repollo,sim_config_17.json,285681.3,Repollo,10900.0,274781.3,25.20929357798165,risk,seasonal,family,274781.3,25.20929357798165
176,Sandia,sim_config_17.json,815419.5833333334,Sandia,85578.46153846153,729841.1217948719,8.528327206102663,risk,seasonal,family,729841.1217948719,8.528327206102663
177,Tomate,sim_config_17.json,17873400.0,Tomate,4598640.0,13274760.0,2.8866708418141016,risk,seasonal,family,13274760.0,2.8866708418141016
178,Zanahoria,sim_config_17.json,3949147.6,Zanahoria,3576960.0,372187.6000000001,0.10405137323313654,risk,seasonal,family,372187.6000000001,0.10405137323313654
179,Zapallo italiano,sim_config_17.json,2581180.5,Zapallo italiano,2927400.0,-346219.5,-0.11826860012297602,risk,seasonal,family,346219.5,0.11826860012297602
180,Ajo,sim_config_18.json,4302928.5,Ajo,2220500.0,2082428.5,0.9378196352172934,risk,seasonal,family_budget,2082428.5,0.9378196352172934
181,Alcachofa,sim_config_18.json,347450.0,Alcachofa,196915.38461538462,150534.61538461538,0.7644634556037344,risk,seasonal,family_budget,150534.61538461538,0.7644634556037344
182,Apio,sim_config_18.json,1731589.5,Apio,450000.0,1281589.5,2.847976666666667,risk,seasonal,family_budget,1281589.5,2.847976666666667
183,Arveja Verde,sim_config_18.json,487097.125,Arveja Verde,116750.0,370347.125,3.1721381156316917,risk,seasonal,family_budget,370347.125,3.1721381156316917
184,Brócoli,sim_config_18.json,10984165.0,Brócoli,4899440.0,6084725.0,1.2419225462501837,risk,seasonal,family_budget,6084725.0,1.2419225462501837
185,Choclo,sim_config_18.json,731054.1666666666,Choclo,17291000.0,-16559945.833333334,-0.9577205386231759,risk,seasonal,family_budget,16559945.833333334,0.9577205386231759
186,Coliflor,sim_config_18.json,1904178.3333333333,Coliflor,4880610.0,-2976431.666666667,-0.6098482908215709,risk,seasonal,family_budget,2976431.666666667,0.6098482908215709
187,Espinaca,sim_config_18.json,2111950.3750000005,Espinaca,1166600.0,945350.3750000005,0.8103466269501118,risk,seasonal,family_budget,945350.3750000005,0.8103466269501118
188,Frutilla,sim_config_18.json,14952586.25,Frutilla,1703043.0,13249543.25,7.779922908581874,risk,seasonal,family_budget,13249543.25,7.779922908581874
189,Haba,sim_config_18.json,567516.0,Haba,1008923.0769230769,-441407.0769230769,-0.43750320219579136,risk,seasonal,family_budget,441407.0769230769,0.43750320219579136
190,Lechuga,sim_config_18.json,2341731.1999999997,Lechuga,1009980.0,1331751.1999999997,1.3185916552803023,risk,seasonal,family_budget,1331751.1999999997,1.3185916552803023
191,Melón,sim_config_18.json,815500.0,Melón,118738.46153846153,696761.5384615385,5.8680357605597315,risk,seasonal,family_budget,696761.5384615385,5.8680357605597315
192,Pepino ensalada,sim_config_18.json,1082517.0,Pepino ensalada,698600.0,383917.0,0.5495519610649872,risk,seasonal,family_budget,383917.0,0.5495519610649872
193,Poroto granado,sim_config_18.json,847246.4,Poroto granado,795361.5384615385,51884.861538461526,0.06523431047322455,risk,seasonal,family_budget,51884.861538461526,0.06523431047322455
194,Poroto verde,sim_config_18.json,857235.8666666667,Poroto verde,145250.0,711985.8666666667,4.9017959839357435,risk,seasonal,family_budget,711985.8666666667,4.9017959839357435
195,Repollo,sim_config_18.json,285615.50000000006,Repollo,10900.0,274715.50000000006,25.20325688073395,risk,seasonal,family_budget,274715.50000000006,25.20325688073395
196,Sandia,sim_config_18.json,815732.9166666666,Sandia,85578.46153846153,730154.4551282051,8.53198856350148,risk,seasonal,family_budget,730154.4551282051,8.53198856350148
197,Tomate,sim_config_18.json,17889435.0,Tomate,4598640.0,13290795.0,2.890157742289025,risk,seasonal,family_budget,13290795.0,2.890157742289025
198,Zanahoria,sim_config_18.json,3950802.5499999993,Zanahoria,3576960.0,373842.54999999935,0.10451404265074235,risk,seasonal,family_budget,373842.54999999935,0.10451404265074235
199,Zapallo italiano,sim_config_18.json,2693256.0,Zapallo italiano,2927400.0,-234144.0,-0.07998360319737652,risk,seasonal,family_budget,234144.0,0.07998360319737652
200,Ajo,sim_config_19.json,2917899.0,Ajo,2220500.0,697399.0,0.3140729565413195,risk,seasonal-proportional,single,697399.0,0.3140729565413195
201,Alcachofa,sim_config_19.json,341497.5,Alcachofa,196915.38461538462,144582.11538461538,0.7342347357318645,risk,seasonal-proportional,single,144582.11538461538,0.7342347357318645
202,Apio,sim_config_19.json,2050776.3000000005,Apio,450000.0,1600776.3000000005,3.5572806666666676,risk,seasonal-proportional,single,1600776.3000000005,3.5572806666666676
203,Arveja Verde,sim_config_19.json,604018.875,Arveja Verde,116750.0,487268.875,4.17360920770878,risk,seasonal-proportional,single,487268.875,4.17360920770878
204,Brócoli,sim_config_19.json,8666600.0,Brócoli,4899440.0,3767160.0,0.7688960370981174,risk,seasonal-proportional,single,3767160.0,0.7688960370981174
205,Choclo,sim_config_19.json,651041.6666666666,Choclo,17291000.0,-16639958.333333334,-0.9623479459449039,risk,seasonal-proportional,single,16639958.333333334,0.9623479459449039
206,Coliflor,sim_config_19.json,1705459.1666666667,Coliflor,4880610.0,-3175150.833333333,-0.6505643420255528,risk,seasonal-proportional,single,3175150.833333333,0.6505643420255528
207,Espinaca,sim_config_19.json,833357.4249999999,Espinaca,1166600.0,-333242.57500000007,-0.2856528158751929,risk,seasonal-proportional,single,333242.57500000007,0.2856528158751929
208,Frutilla,sim_config_19.json,14726670.0,Frutilla,1703043.0,13023627.0,7.64726844830107,risk,seasonal-proportional,single,13023627.0,7.64726844830107
209,Haba,sim_config_19.json,100728.0,Haba,1008923.0769230769,-908195.0769230769,-0.9001628545288197,risk,seasonal-proportional,single,908195.0769230769,0.9001628545288197
210,Lechuga,sim_config_19.json,36030.4,Lechuga,1009980.0,-973949.6,-0.9643256302104992,risk,seasonal-proportional,single,973949.6,0.9643256302104992
211,Melón,sim_config_19.json,580416.6666666666,Melón,118738.46153846153,461678.2051282051,3.888194264489937,risk,seasonal-proportional,single,461678.2051282051,3.888194264489937
212,Pepino ensalada,sim_config_19.json,53586.0,Pepino ensalada,698600.0,-645014.0,-0.9232951617520756,risk,seasonal-proportional,single,645014.0,0.9232951617520756
213,Poroto granado,sim_config_19.json,88379.5,Poroto granado,795361.5384615385,-706982.0384615385,-0.8888813505227424,risk,seasonal-proportional,single,706982.0384615385,0.8888813505227424
214,Poroto verde,sim_config_19.json,720688.4666666667,Poroto verde,145250.0,575438.4666666667,3.961710613884108,risk,seasonal-proportional,single,575438.4666666667,3.961710613884108
215,Repollo,sim_config_19.json,205603.79999999996,Repollo,10900.0,194703.79999999996,17.862733944954126,risk,seasonal-proportional,single,194703.79999999996,17.862733944954126
216,Sandia,sim_config_19.json,1321482.5,Sandia,85578.46153846153,1235904.0384615385,14.441765091863518,risk,seasonal-proportional,single,1235904.0384615385,14.441765091863518
217,Tomate,sim_config_19.json,5783055.0,Tomate,4598640.0,1184415.0,0.25755766922394446,risk,seasonal-proportional,single,1184415.0,0.25755766922394446
218,Zanahoria,sim_config_19.json,1281565.4000000001,Zanahoria,3576960.0,-2295394.5999999996,-0.641716597334049,risk,seasonal-proportional,single,2295394.5999999996,0.641716597334049
219,Zapallo italiano,sim_config_19.json,2263039.5,Zapallo italiano,2927400.0,-664360.5,-0.2269455831112933,risk,seasonal-proportional,single,664360.5,0.2269455831112933
220,Ajo,sim_config_2.json,3949432.5,Ajo,2220500.0,1728932.5,0.7786230578698491,simple,static,family,1728932.5,0.7786230578698491
221,Alcachofa,sim_config_2.json,5426070.0,Alcachofa,196915.38461538462,5229154.615384615,26.555338099144496,simple,static,family,5229154.615384615,26.555338099144496
222,Apio,sim_config_2.json,1588256.0999999999,Apio,450000.0,1138256.0999999999,2.5294579999999995,simple,static,family,1138256.0999999999,2.5294579999999995
223,Arveja Verde,sim_config_2.json,439576.0,Arveja Verde,116750.0,322826.0,2.7651049250535333,simple,static,family,322826.0,2.7651049250535333
224,Brócoli,sim_config_2.json,13239577.5,Brócoli,4899440.0,8340137.5,1.7022634219420996,simple,static,family,8340137.5,1.7022634219420996
225,Choclo,sim_config_2.json,5282008.333333333,Choclo,17291000.0,-12008991.666666668,-0.6945226803924971,simple,static,family,12008991.666666668,0.6945226803924971
226,Coliflor,sim_config_2.json,3926823.3333333335,Coliflor,4880610.0,-953786.6666666665,-0.1954236594742597,simple,static,family,953786.6666666665,0.1954236594742597
227,Espinaca,sim_config_2.json,2242380.7499999995,Espinaca,1166600.0,1075780.7499999995,0.9221504800274297,simple,static,family,1075780.7499999995,0.9221504800274297
228,Frutilla,sim_config_2.json,8065268.75,Frutilla,1703043.0,6362225.75,3.735798655700414,simple,static,family,6362225.75,3.735798655700414
229,Haba,sim_config_2.json,654557.6666666666,Haba,1008923.0769230769,-354365.41025641025,-0.3512313459388025,simple,static,family,354365.41025641025,0.3512313459388025
230,Lechuga,sim_config_2.json,2112298.4000000004,Lechuga,1009980.0,1102318.4000000004,1.0914259688310664,simple,static,family,1102318.4000000004,1.0914259688310664
231,Melón,sim_config_2.json,12337033.333333334,Melón,118738.46153846153,12218294.871794872,102.90090265180963,simple,static,family,12218294.871794872,102.90090265180963
232,Pepino ensalada,sim_config_2.json,1284376.0,Pepino ensalada,698600.0,585776.0,0.8384998568565702,simple,static,family,585776.0,0.8384998568565702
233,Poroto granado,sim_config_2.json,2759466.6,Poroto granado,795361.5384615385,1964105.0615384616,2.46944938441154,simple,static,family,1964105.0615384616,2.46944938441154
234,Poroto verde,sim_config_2.json,1932758.3,Poroto verde,145250.0,1787508.3,12.306425473321859,simple,static,family,1787508.3,12.306425473321859
235,Repollo,sim_config_2.json,256372.5,Repollo,10900.0,245472.5,22.5204128440367,simple,static,family,245472.5,22.5204128440367
236,Sandia,sim_config_2.json,2021984.5833333333,Sandia,85578.46153846153,1936406.1217948718,22.6272602589916,simple,static,family,1936406.1217948718,22.6272602589916
237,Tomate,sim_config_2.json,10530165.0,Tomate,4598640.0,5931525.0,1.289843301497834,simple,static,family,5931525.0,1.289843301497834
238,Zanahoria,sim_config_2.json,4133969.9,Zanahoria,3576960.0,557009.8999999999,0.15572159040078723,simple,static,family,557009.8999999999,0.15572159040078723
239,Zapallo italiano,sim_config_2.json,7729200.0,Zapallo italiano,2927400.0,4801800.0,1.6402951424472227,simple,static,family,4801800.0,1.6402951424472227
240,Ajo,sim_config_20.json,3051010.5,Ajo,2220500.0,830510.5,0.37401959018239134,risk,seasonal-proportional,family,830510.5,0.37401959018239134
241,Alcachofa,sim_config_20.json,371222.5,Alcachofa,196915.38461538462,174307.11538461538,0.8851878979647642,risk,seasonal-proportional,family,174307.11538461538,0.8851878979647642
242,Apio,sim_config_20.json,2042849.4000000001,Apio,450000.0,1592849.4000000001,3.5396653333333337,risk,seasonal-proportional,family,1592849.4000000001,3.5396653333333337
243,Arveja Verde,sim_config_20.json,604115.5,Arveja Verde,116750.0,487365.5,4.174436830835118,risk,seasonal-proportional,family,487365.5,4.174436830835118
244,Brócoli,sim_config_20.json,8782190.0,Brócoli,4899440.0,3882750.0,0.7924885293013079,risk,seasonal-proportional,family,3882750.0,0.7924885293013079
245,Choclo,sim_config_20.json,755212.5,Choclo,17291000.0,-16535787.5,-0.9563233763229426,risk,seasonal-proportional,family,16535787.5,0.9563233763229426
246,Coliflor,sim_config_20.json,1627700.0,Coliflor,4880610.0,-3252910.0,-0.6664966059570423,risk,seasonal-proportional,family,3252910.0,0.6664966059570423
247,Espinaca,sim_config_20.json,823006.5499999999,Espinaca,1166600.0,-343593.45000000007,-0.29452550145722617,risk,seasonal-proportional,family,343593.45000000007,0.29452550145722617
248,Frutilla,sim_config_20.json,14819218.75,Frutilla,1703043.0,13116175.75,7.701611615208776,risk,seasonal-proportional,family,13116175.75,7.701611615208776
249,Haba,sim_config_20.json,100600.0,Haba,1008923.0769230769,-908323.0769230769,-0.9002897224763647,risk,seasonal-proportional,family,908323.0769230769,0.9002897224763647
250,Lechuga,sim_config_20.json,36134.4,Lechuga,1009980.0,-973845.6,-0.9642226578744133,risk,seasonal-proportional,family,973845.6,0.9642226578744133
251,Melón,sim_config_20.json,822275.0,Melón,118738.46153846153,703536.5384615385,5.925093936252916,risk,seasonal-proportional,family,703536.5384615385,5.925093936252916
252,Pepino ensalada,sim_config_20.json,53721.0,Pepino ensalada,698600.0,-644879.0,-0.9231019181219582,risk,seasonal-proportional,family,644879.0,0.9231019181219582
253,Poroto granado,sim_config_20.json,87171.7,Poroto granado,795361.5384615385,-708189.8384615385,-0.8903999052196873,risk,seasonal-proportional,family,708189.8384615385,0.8903999052196873
254,Poroto verde,sim_config_20.json,717952.7666666666,Poroto verde,145250.0,572702.7666666666,3.94287619047619,risk,seasonal-proportional,family,572702.7666666666,3.94287619047619
255,Repollo,sim_config_20.json,205526.4,Repollo,10900.0,194626.4,17.855633027522934,risk,seasonal-proportional,family,194626.4,17.855633027522934
256,Sandia,sim_config_20.json,1321175.4166666667,Sandia,85578.46153846153,1235596.9551282052,14.438176766859625,risk,seasonal-proportional,family,1235596.9551282052,14.438176766859625
257,Tomate,sim_config_20.json,5787705.0,Tomate,4598640.0,1189065.0,0.25856883774333284,risk,seasonal-proportional,family,1189065.0,0.25856883774333284
258,Zanahoria,sim_config_20.json,1262763.4,Zanahoria,3576960.0,-2314196.6,-0.646973016192521,risk,seasonal-proportional,family,2314196.6,0.646973016192521
259,Zapallo italiano,sim_config_20.json,2896990.5,Zapallo italiano,2927400.0,-30409.5,-0.010387886862061898,risk,seasonal-proportional,family,30409.5,0.010387886862061898
260,Ajo,sim_config_21.json,3019225.5,Ajo,2220500.0,798725.5,0.3597052465660887,risk,seasonal-proportional,family_budget,798725.5,0.3597052465660887
261,Alcachofa,sim_config_21.json,230755.0,Alcachofa,196915.38461538462,33839.615384615376,0.1718485097074104,risk,seasonal-proportional,family_budget,33839.615384615376,0.1718485097074104
262,Apio,sim_config_21.json,2059011.2999999998,Apio,450000.0,1609011.2999999998,3.5755806666666663,risk,seasonal-proportional,family_budget,1609011.2999999998,3.5755806666666663
263,Arveja Verde,sim_config_21.json,604269.625,Arveja Verde,116750.0,487519.625,4.175756959314775,risk,seasonal-proportional,family_budget,487519.625,4.175756959314775
264,Brócoli,sim_config_21.json,8465857.5,Brócoli,4899440.0,3566417.5,0.7279234973792923,risk,seasonal-proportional,family_budget,3566417.5,0.7279234973792923
265,Choclo,sim_config_21.json,863145.8333333334,Choclo,17291000.0,-16427854.166666666,-0.950081207950186,risk,seasonal-proportional,family_budget,16427854.166666666,0.950081207950186
266,Coliflor,sim_config_21.json,1632161.6666666667,Coliflor,4880610.0,-3248448.333333333,-0.6655824442709688,risk,seasonal-proportional,family_budget,3248448.333333333,0.6655824442709688
267,Espinaca,sim_config_21.json,826836.225,Espinaca,1166600.0,-339763.775,-0.29124273529915995,risk,seasonal-proportional,family_budget,339763.775,0.29124273529915995
268,Frutilla,sim_config_21.json,14503982.5,Frutilla,1703043.0,12800939.5,7.516509859116887,risk,seasonal-proportional,family_budget,12800939.5,7.516509859116887
269,Haba,sim_config_21.json,101137.33333333333,Haba,1008923.0769230769,-907785.7435897435,-0.8997571414048998,risk,seasonal-proportional,family_budget,907785.7435897435,0.8997571414048998
270,Lechuga,sim_config_21.json,36176.8,Lechuga,1009980.0,-973803.2,-0.964180676845086,risk,seasonal-proportional,family_budget,973803.2,0.964180676845086
271,Melón,sim_config_21.json,730691.6666666666,Melón,118738.46153846153,611953.2051282051,5.1537909216550055,risk,seasonal-proportional,family_budget,611953.2051282051,5.1537909216550055
272,Pepino ensalada,sim_config_21.json,55781.0,Pepino ensalada,698600.0,-642819.0,-0.9201531634697967,risk,seasonal-proportional,family_budget,642819.0,0.9201531634697967
273,Poroto granado,sim_config_21.json,87266.85,Poroto granado,795361.5384615385,-708094.6884615385,-0.8902802740891902,risk,seasonal-proportional,family_budget,708094.6884615385,0.8902802740891902
274,Poroto verde,sim_config_21.json,740650.5333333333,Poroto verde,145250.0,595400.5333333333,4.099143086632243,risk,seasonal-proportional,family_budget,595400.5333333333,4.099143086632243
275,Repollo,sim_config_21.json,205507.15,Repollo,10900.0,194607.15,17.853866972477064,risk,seasonal-proportional,family_budget,194607.15,17.853866972477064
276,Sandia,sim_config_21.json,1321103.3333333333,Sandia,85578.46153846153,1235524.8717948718,14.437334459904841,risk,seasonal-proportional,family_budget,1235524.8717948718,14.437334459904841
277,Tomate,sim_config_21.json,5784000.0,Tomate,4598640.0,1185360.0,0.25776316476175565,risk,seasonal-proportional,family_budget,1185360.0,0.25776316476175565
278,Zanahoria,sim_config_21.json,1281253.45,Zanahoria,3576960.0,-2295706.55,-0.6418038082617641,risk,seasonal-proportional,family_budget,2295706.55,0.6418038082617641
279,Zapallo italiano,sim_config_21.json,2503053.0,Zapallo italiano,2927400.0,-424347.0,-0.14495695839311334,risk,seasonal-proportional,family_budget,424347.0,0.14495695839311334
280,Ajo,sim_config_3.json,3934203.0,Ajo,2220500.0,1713703.0,0.7717644674622832,simple,static,family_budget,1713703.0,0.7717644674622832
281,Alcachofa,sim_config_3.json,6512612.5,Alcachofa,196915.38461538462,6315697.115384615,32.07315227157311,simple,static,family_budget,6315697.115384615,32.07315227157311
282,Apio,sim_config_3.json,1587947.7,Apio,450000.0,1137947.7,2.528772666666667,simple,static,family_budget,1137947.7,2.528772666666667
283,Arveja Verde,sim_config_3.json,441020.875,Arveja Verde,116750.0,324270.875,2.777480728051392,simple,static,family_budget,324270.875,2.777480728051392
284,Brócoli,sim_config_3.json,13119995.0,Brócoli,4899440.0,8220555.0,1.6778560406903646,simple,static,family_budget,8220555.0,1.6778560406903646
285,Choclo,sim_config_3.json,5327137.5,Choclo,17291000.0,-11963862.5,-0.6919127002486842,simple,static,family_budget,11963862.5,0.6919127002486842
286,Coliflor,sim_config_3.json,3908632.5,Coliflor,4880610.0,-971977.5,-0.19915082336019474,simple,static,family_budget,971977.5,0.19915082336019474
287,Espinaca,sim_config_3.json,2241294.8749999995,Espinaca,1166600.0,1074694.8749999995,0.9212196768386761,simple,static,family_budget,1074694.8749999995,0.9212196768386761
288,Frutilla,sim_config_3.json,8064498.75,Frutilla,1703043.0,6361455.75,3.7353465238399735,simple,static,family_budget,6361455.75,3.7353465238399735
289,Haba,sim_config_3.json,655807.6666666666,Haba,1008923.0769230769,-353115.41025641025,-0.3499924011385585,simple,static,family_budget,353115.41025641025,0.3499924011385585
290,Lechuga,sim_config_3.json,2114229.2,Lechuga,1009980.0,1104249.2000000002,1.093337689855245,simple,static,family_budget,1104249.2000000002,1.093337689855245
291,Melón,sim_config_3.json,12436591.666666666,Melón,118738.46153846153,12317853.205128204,103.73937008724194,simple,static,family_budget,12317853.205128204,103.73937008724194
292,Pepino ensalada,sim_config_3.json,1292190.0,Pepino ensalada,698600.0,593590.0,0.8496850844546235,simple,static,family_budget,593590.0,0.8496850844546235
293,Poroto granado,sim_config_3.json,2819429.25,Poroto granado,795361.5384615385,2024067.7115384615,2.5448398164356796,simple,static,family_budget,2024067.7115384615,2.5448398164356796
294,Poroto verde,sim_config_3.json,1934387.4000000001,Poroto verde,145250.0,1789137.4000000001,12.317641308089502,simple,static,family_budget,1789137.4000000001,12.317641308089502
295,Repollo,sim_config_3.json,257372.5,Repollo,10900.0,246472.5,22.61215596330275,simple,static,family_budget,246472.5,22.61215596330275
296,Sandia,sim_config_3.json,2014100.0,Sandia,85578.46153846153,1928521.5384615385,22.535127458382775,simple,static,family_budget,1928521.5384615385,22.535127458382775
297,Tomate,sim_config_3.json,11759220.0,Tomate,4598640.0,7160580.0,1.5571081885079068,simple,static,family_budget,7160580.0,1.5571081885079068
298,Zanahoria,sim_config_3.json,4129697.7999999993,Zanahoria,3576960.0,552737.7999999993,0.15452725219180516,simple,static,family_budget,552737.7999999993,0.15452725219180516
299,Zapallo italiano,sim_config_3.json,7689825.0,Zapallo italiano,2927400.0,4762425.0,1.6268446402951424,simple,static,family_budget,4762425.0,1.6268446402951424
300,Ajo,sim_config_4.json,4375347.0,Ajo,2220500.0,2154847.0,0.9704332357577122,simple,seasonal,single,2154847.0,0.9704332357577122
301,Alcachofa,sim_config_4.json,6023842.5,Alcachofa,196915.38461538462,5826927.115384615,29.59102015703738,simple,seasonal,single,5826927.115384615,29.59102015703738
302,Apio,sim_config_4.json,1760148.8999999997,Apio,450000.0,1310148.8999999997,2.911441999999999,simple,seasonal,single,1310148.8999999997,2.911441999999999
303,Arveja Verde,sim_config_4.json,487378.5,Arveja Verde,116750.0,370628.5,3.1745481798715205,simple,seasonal,single,370628.5,3.1745481798715205
304,Brócoli,sim_config_4.json,14662740.0,Brócoli,4899440.0,9763300.0,1.9927379455611254,simple,seasonal,single,9763300.0,1.9927379455611254
305,Choclo,sim_config_4.json,5792825.0,Choclo,17291000.0,-11498175.0,-0.6649803365912903,simple,seasonal,single,11498175.0,0.6649803365912903
306,Coliflor,sim_config_4.json,4346017.5,Coliflor,4880610.0,-534592.5,-0.10953395169866062,simple,seasonal,single,534592.5,0.10953395169866062
307,Espinaca,sim_config_4.json,2492531.075,Espinaca,1166600.0,1325931.0750000002,1.1365772972741301,simple,seasonal,single,1325931.0750000002,1.1365772972741301
308,Frutilla,sim_config_4.json,7298235.0,Frutilla,1703043.0,5595192.0,3.2854085304951197,simple,seasonal,single,5595192.0,3.2854085304951197
309,Haba,sim_config_4.json,568119.6666666666,Haba,1008923.0769230769,-440803.41025641025,-0.4369048744535936,simple,seasonal,single,440803.41025641025,0.4369048744535936
310,Lechuga,sim_config_4.json,2346528.0,Lechuga,1009980.0,1336548.0,1.3233410562585397,simple,seasonal,single,1336548.0,1.3233410562585397
311,Melón,sim_config_4.json,11494966.666666666,Melón,118738.46153846153,11376228.205128204,95.80912585298437,simple,seasonal,single,11376228.205128204,95.80912585298437
312,Pepino ensalada,sim_config_4.json,1431670.0,Pepino ensalada,698600.0,733070.0,1.0493415402233037,simple,seasonal,single,733070.0,1.0493415402233037
313,Poroto granado,sim_config_4.json,1610020.5,Poroto granado,795361.5384615385,814658.9615384615,1.0242624544232424,simple,seasonal,single,814658.9615384615,1.0242624544232424
314,Poroto verde,sim_config_4.json,2150321.433333333,Poroto verde,145250.0,2005071.433333333,13.804278370625356,simple,seasonal,single,2005071.433333333,13.804278370625356
315,Repollo,sim_config_4.json,285626.35000000003,Repollo,10900.0,274726.35000000003,25.204252293577984,simple,seasonal,single,274726.35000000003,25.204252293577984
316,Sandia,sim_config_4.json,816040.0,Sandia,85578.46153846153,730461.5384615385,8.535576888505377,simple,seasonal,single,730461.5384615385,8.535576888505377
317,Tomate,sim_config_4.json,11870190.0,Tomate,4598640.0,7271550.0,1.5812392359480194,simple,seasonal,single,7271550.0,1.5812392359480194
318,Zanahoria,sim_config_4.json,4577822.9,Zanahoria,3576960.0,1000862.9000000004,0.2798082449901593,simple,seasonal,single,1000862.9000000004,0.2798082449901593
319,Zapallo italiano,sim_config_4.json,8568792.0,Zapallo italiano,2927400.0,5641392.0,1.9270998155359704,simple,seasonal,single,5641392.0,1.9270998155359704
320,Ajo,sim_config_5.json,4374912.0,Ajo,2220500.0,2154412.0,0.9702373339337987,simple,seasonal,family,2154412.0,0.9702373339337987
321,Alcachofa,sim_config_5.json,5161250.0,Alcachofa,196915.38461538462,4964334.615384615,25.210496503769676,simple,seasonal,family,4964334.615384615,25.210496503769676
322,Apio,sim_config_5.json,1758912.5999999999,Apio,450000.0,1308912.5999999999,2.9086946666666664,simple,seasonal,family,1308912.5999999999,2.9086946666666664
323,Arveja Verde,sim_config_5.json,487496.0,Arveja Verde,116750.0,370746.0,3.1755546038543896,simple,seasonal,family,370746.0,3.1755546038543896
324,Brócoli,sim_config_5.json,14662992.5,Brócoli,4899440.0,9763552.5,1.9927894820632561,simple,seasonal,family,9763552.5,1.9927894820632561
325,Choclo,sim_config_5.json,5692670.833333333,Choclo,17291000.0,-11598329.166666668,-0.6707726081005534,simple,seasonal,family,11598329.166666668,0.6707726081005534
326,Coliflor,sim_config_5.json,4348114.166666667,Coliflor,4880610.0,-532495.833333333,-0.10910436058880611,simple,seasonal,family,532495.833333333,0.10910436058880611
327,Espinaca,sim_config_5.json,2493375.1250000005,Espinaca,1166600.0,1326775.1250000005,1.1373008100462887,simple,seasonal,family,1326775.1250000005,1.1373008100462887
328,Frutilla,sim_config_5.json,7187451.25,Frutilla,1703043.0,5484408.25,3.220358059074257,simple,seasonal,family,5484408.25,3.220358059074257
329,Haba,sim_config_5.json,568056.3333333334,Haba,1008923.0769230769,-440866.7435897435,-0.43696764765680585,simple,seasonal,family,440866.7435897435,0.43696764765680585
330,Lechuga,sim_config_5.json,2345296.0,Lechuga,1009980.0,1335316.0,1.3221212301233687,simple,seasonal,family,1335316.0,1.3221212301233687
331,Melón,sim_config_5.json,11922441.666666666,Melón,118738.46153846153,11803703.205128204,99.40926513777316,simple,seasonal,family,11803703.205128204,99.40926513777316
332,Pepino ensalada,sim_config_5.json,1432461.0,Pepino ensalada,698600.0,733861.0,1.0504738047523619,simple,seasonal,family,733861.0,1.0504738047523619
333,Poroto granado,sim_config_5.json,1610093.6500000001,Poroto granado,795361.5384615385,814732.1115384616,1.024354425176746,simple,seasonal,family,814732.1115384616,1.024354425176746
334,Poroto verde,sim_config_5.json,2150368.733333333,Poroto verde,145250.0,2005118.733333333,13.804604016064255,simple,seasonal,family,2005118.733333333,13.804604016064255
335,Repollo,sim_config_5.json,285572.55,Repollo,10900.0,274672.55,25.199316513761467,simple,seasonal,family,274672.55,25.199316513761467
336,Sandia,sim_config_5.json,815835.4166666666,Sandia,85578.46153846153,730256.9551282051,8.533186294778222,simple,seasonal,family,730256.9551282051,8.533186294778222
337,Tomate,sim_config_5.json,10016880.0,Tomate,4598640.0,5418240.0,1.1782266061270288,simple,seasonal,family,5418240.0,1.1782266061270288
338,Zanahoria,sim_config_5.json,4578117.85,Zanahoria,3576960.0,1001157.8499999996,0.27989070327876175,simple,seasonal,family,1001157.8499999996,0.27989070327876175
339,Zapallo italiano,sim_config_5.json,8568996.0,Zapallo italiano,2927400.0,5641596.0,1.9271695019471202,simple,seasonal,family,5641596.0,1.9271695019471202
340,Ajo,sim_config_6.json,4373158.5,Ajo,2220500.0,2152658.5,0.969447646926368,simple,seasonal,family_budget,2152658.5,0.969447646926368
341,Alcachofa,sim_config_6.json,5387497.5,Alcachofa,196915.38461538462,5190582.115384615,26.359454470877765,simple,seasonal,family_budget,5190582.115384615,26.359454470877765
342,Apio,sim_config_6.json,1760107.4999999998,Apio,450000.0,1310107.4999999998,2.9113499999999997,simple,seasonal,family_budget,1310107.4999999998,2.9113499999999997
343,Arveja Verde,sim_config_6.json,487498.75,Arveja Verde,116750.0,370748.75,3.175578158458244,simple,seasonal,family_budget,370748.75,3.175578158458244
344,Brócoli,sim_config_6.json,14662282.5,Brócoli,4899440.0,9762842.5,1.992644567542413,simple,seasonal,family_budget,9762842.5,1.992644567542413
345,Choclo,sim_config_6.json,5800058.333333333,Choclo,17291000.0,-11490941.666666668,-0.6645620072099166,simple,seasonal,family_budget,11490941.666666668,0.6645620072099166
346,Coliflor,sim_config_6.json,4346226.666666667,Coliflor,4880610.0,-534383.333333333,-0.10949109503388572,simple,seasonal,family_budget,534383.333333333,0.10949109503388572
347,Espinaca,sim_config_6.json,2492872.35,Espinaca,1166600.0,1326272.35,1.1368698354191669,simple,seasonal,family_budget,1326272.35,1.1368698354191669
348,Frutilla,sim_config_6.json,7633202.5,Frutilla,1703043.0,5930159.5,3.4820961655107947,simple,seasonal,family_budget,5930159.5,3.4820961655107947
349,Haba,sim_config_6.json,566993.5,Haba,1008923.0769230769,-441929.5769230769,-0.4380210811222934,simple,seasonal,family_budget,441929.5769230769,0.4380210811222934
350,Lechuga,sim_config_6.json,2345700.0,Lechuga,1009980.0,1335720.0,1.3225212380443176,simple,seasonal,family_budget,1335720.0,1.3225212380443176
351,Melón,sim_config_6.json,11573116.666666666,Melón,118738.46153846153,11454378.205128204,96.46729506780686,simple,seasonal,family_budget,11454378.205128204,96.46729506780686
352,Pepino ensalada,sim_config_6.json,1429967.0,Pepino ensalada,698600.0,731367.0,1.0469038076152304,simple,seasonal,family_budget,731367.0,1.0469038076152304
353,Poroto granado,sim_config_6.json,1609611.8499999999,Poroto granado,795361.5384615385,814250.3115384614,1.0237486629205874,simple,seasonal,family_budget,814250.3115384614,1.0237486629205874
354,Poroto verde,sim_config_6.json,2150094.1,Poroto verde,145250.0,2004844.1,13.80271325301205,simple,seasonal,family_budget,2004844.1,13.80271325301205
355,Repollo,sim_config_6.json,285424.95,Repollo,10900.0,274524.95,25.185775229357798,simple,seasonal,family_budget,274524.95,25.185775229357798
356,Sandia,sim_config_6.json,815663.3333333334,Sandia,85578.46153846153,730084.8717948719,8.531175469504669,simple,seasonal,family_budget,730084.8717948719,8.531175469504669
357,Tomate,sim_config_6.json,10567770.0,Tomate,4598640.0,5969130.0,1.2980207191691457,simple,seasonal,family_budget,5969130.0,1.2980207191691457
358,Zanahoria,sim_config_6.json,4576632.05,Zanahoria,3576960.0,999672.0499999998,0.2794753226203256,simple,seasonal,family_budget,999672.0499999998,0.2794753226203256
359,Zapallo italiano,sim_config_6.json,8563773.0,Zapallo italiano,2927400.0,5636373.0,1.925385324861652,simple,seasonal,family_budget,5636373.0,1.925385324861652
360,Ajo,sim_config_7.json,3050718.0,Ajo,2220500.0,830218.0,0.37388786309389777,simple,seasonal-proportional,single,830218.0,0.37388786309389777
361,Alcachofa,sim_config_7.json,5679757.5,Alcachofa,196915.38461538462,5482842.115384615,27.84364525958045,simple,seasonal-proportional,single,5482842.115384615,27.84364525958045
362,Apio,sim_config_7.json,2066723.7000000002,Apio,450000.0,1616723.7000000002,3.5927193333333336,simple,seasonal-proportional,single,1616723.7000000002,3.5927193333333336
363,Arveja Verde,sim_config_7.json,604110.625,Arveja Verde,116750.0,487360.625,4.174395074946466,simple,seasonal-proportional,single,487360.625,4.174395074946466
364,Brócoli,sim_config_7.json,11972505.0,Brócoli,4899440.0,7073065.0,1.4436476413630945,simple,seasonal-proportional,single,7073065.0,1.4436476413630945
365,Choclo,sim_config_7.json,1951866.6666666667,Choclo,17291000.0,-15339133.333333334,-0.8871166117247894,simple,seasonal-proportional,single,15339133.333333334,0.8871166117247894
366,Coliflor,sim_config_7.json,1784146.6666666667,Coliflor,4880610.0,-3096463.333333333,-0.6344418696296842,simple,seasonal-proportional,single,3096463.333333333,0.6344418696296842
367,Espinaca,sim_config_7.json,855346.0749999998,Espinaca,1166600.0,-311253.92500000016,-0.2668043245328306,simple,seasonal-proportional,single,311253.92500000016,0.2668043245328306
368,Frutilla,sim_config_7.json,7571987.5,Frutilla,1703043.0,5868944.5,3.4461516826057825,simple,seasonal-proportional,single,5868944.5,3.4461516826057825
369,Haba,sim_config_7.json,100724.5,Haba,1008923.0769230769,-908198.5769230769,-0.9001663235742604,simple,seasonal-proportional,single,908198.5769230769,0.9001663235742604
370,Lechuga,sim_config_7.json,36071.200000000004,Lechuga,1009980.0,-973908.8,-0.9642852333709578,simple,seasonal-proportional,single,973908.8,0.9642852333709578
371,Melón,sim_config_7.json,1445100.0,Melón,118738.46153846153,1326361.5384615385,11.170445711324177,simple,seasonal-proportional,single,1326361.5384615385,11.170445711324177
372,Pepino ensalada,sim_config_7.json,54987.0,Pepino ensalada,698600.0,-643613.0,-0.9212897223017463,simple,seasonal-proportional,single,643613.0,0.9212897223017463
373,Poroto granado,sim_config_7.json,89324.40000000001,Poroto granado,795361.5384615385,-706037.1384615385,-0.8876933373308703,simple,seasonal-proportional,single,706037.1384615385,0.8876933373308703
374,Poroto verde,sim_config_7.json,1842478.366666667,Poroto verde,145250.0,1697228.366666667,11.684876878944351,simple,seasonal-proportional,single,1697228.366666667,11.684876878944351
375,Repollo,sim_config_7.json,205697.25,Repollo,10900.0,194797.25,17.87130733944954,simple,seasonal-proportional,single,194797.25,17.87130733944954
376,Sandia,sim_config_7.json,1321572.5,Sandia,85578.46153846153,1235994.0384615385,14.442816758350412,simple,seasonal-proportional,single,1235994.0384615385,14.442816758350412
377,Tomate,sim_config_7.json,5808960.0,Tomate,4598640.0,1210320.0,0.2631908564271176,simple,seasonal-proportional,single,1210320.0,0.2631908564271176
378,Zanahoria,sim_config_7.json,1282266.6500000001,Zanahoria,3576960.0,-2294693.3499999996,-0.6415205509706565,simple,seasonal-proportional,single,2294693.3499999996,0.6415205509706565
379,Zapallo italiano,sim_config_7.json,5993094.0,Zapallo italiano,2927400.0,3065694.0,1.047241237958598,simple,seasonal-proportional,single,3065694.0,1.047241237958598
380,Ajo,sim_config_8.json,3051222.0,Ajo,2220500.0,830722.0,0.3741148390002252,simple,seasonal-proportional,family,830722.0,0.3741148390002252
381,Alcachofa,sim_config_8.json,5155390.0,Alcachofa,196915.38461538462,4958474.615384615,25.180737528809715,simple,seasonal-proportional,family,4958474.615384615,25.180737528809715
382,Apio,sim_config_8.json,2066491.7999999998,Apio,450000.0,1616491.7999999998,3.5922039999999997,simple,seasonal-proportional,family,1616491.7999999998,3.5922039999999997
383,Arveja Verde,sim_config_8.json,604256.625,Arveja Verde,116750.0,487506.625,4.175645610278373,simple,seasonal-proportional,family,487506.625,4.175645610278373
384,Brócoli,sim_config_8.json,11967702.5,Brócoli,4899440.0,7068262.5,1.4426674272978137,simple,seasonal-proportional,family,7068262.5,1.4426674272978137
385,Choclo,sim_config_8.json,1957395.8333333333,Choclo,17291000.0,-15333604.166666666,-0.8867968403601102,simple,seasonal-proportional,family,15333604.166666666,0.8867968403601102
386,Coliflor,sim_config_8.json,1783315.8333333333,Coliflor,4880610.0,-3097294.166666667,-0.6346121010829932,simple,seasonal-proportional,family,3097294.166666667,0.6346121010829932
387,Espinaca,sim_config_8.json,854097.85,Espinaca,1166600.0,-312502.15,-0.2678742928167324,simple,seasonal-proportional,family,312502.15,0.2678742928167324
388,Frutilla,sim_config_8.json,7421933.75,Frutilla,1703043.0,5718890.75,3.35804248630246,simple,seasonal-proportional,family,5718890.75,3.35804248630246
389,Haba,sim_config_8.json,100701.5,Haba,1008923.0769230769,-908221.5769230769,-0.9001891201585849,simple,seasonal-proportional,family,908221.5769230769,0.9001891201585849
390,Lechuga,sim_config_8.json,36084.799999999996,Lechuga,1009980.0,-973895.2,-0.9642717677577773,simple,seasonal-proportional,family,973895.2,0.9642717677577773
391,Melón,sim_config_8.json,1450933.3333333333,Melón,118738.46153846153,1332194.8717948718,11.219573291871814,simple,seasonal-proportional,family,1332194.8717948718,11.219573291871814
392,Pepino ensalada,sim_config_8.json,55501.0,Pepino ensalada,698600.0,-643099.0,-0.9205539650730031,simple,seasonal-proportional,family,643099.0,0.9205539650730031
393,Poroto granado,sim_config_8.json,89304.04999999999,Poroto granado,795361.5384615385,-706057.4884615385,-0.8877189231795893,simple,seasonal-proportional,family,706057.4884615385,0.8877189231795893
394,Poroto verde,sim_config_8.json,1842297.5999999999,Poroto verde,145250.0,1697047.5999999999,11.683632358003441,simple,seasonal-proportional,family,1697047.5999999999,11.683632358003441
395,Repollo,sim_config_8.json,205605.19999999998,Repollo,10900.0,194705.19999999998,17.8628623853211,simple,seasonal-proportional,family,194705.19999999998,17.8628623853211
396,Sandia,sim_config_8.json,1321010.8333333333,Sandia,85578.46153846153,1235432.3717948718,14.436253580459978,simple,seasonal-proportional,family,1235432.3717948718,14.436253580459978
397,Tomate,sim_config_8.json,5788815.0,Tomate,4598640.0,1190175.0,0.25881021345441263,simple,seasonal-proportional,family,1190175.0,0.25881021345441263
398,Zanahoria,sim_config_8.json,1281351.1999999997,Zanahoria,3576960.0,-2295608.8000000003,-0.6417764805868671,simple,seasonal-proportional,family,2295608.8000000003,0.6417764805868671
399,Zapallo italiano,sim_config_8.json,5997144.0,Zapallo italiano,2927400.0,3069744.0,1.0486247181799548,simple,seasonal-proportional,family,3069744.0,1.0486247181799548
400,Ajo,sim_config_9.json,3054459.0,Ajo,2220500.0,833959.0,0.37557261877955417,simple,seasonal-proportional,family_budget,833959.0,0.37557261877955417
401,Alcachofa,sim_config_9.json,5992855.0,Alcachofa,196915.38461538462,5795939.615384615,29.433655611547323,simple,seasonal-proportional,family_budget,5795939.615384615,29.433655611547323
402,Apio,sim_config_9.json,2066862.5999999999,Apio,450000.0,1616862.5999999999,3.593028,simple,seasonal-proportional,family_budget,1616862.5999999999,3.593028
403,Arveja Verde,sim_config_9.json,604261.0,Arveja Verde,116750.0,487511.0,4.175683083511777,simple,seasonal-proportional,family_budget,487511.0,4.175683083511777
404,Brócoli,sim_config_9.json,11967390.0,Brócoli,4899440.0,7067950.0,1.4426036444981467,simple,seasonal-proportional,family_budget,7067950.0,1.4426036444981467
405,Choclo,sim_config_9.json,1955945.8333333333,Choclo,17291000.0,-15335054.166666666,-0.8868806990149017,simple,seasonal-proportional,family_budget,15335054.166666666,0.8868806990149017
406,Coliflor,sim_config_9.json,1782657.5,Coliflor,4880610.0,-3097952.5,-0.6347469885936389,simple,seasonal-proportional,family_budget,3097952.5,0.6347469885936389
407,Espinaca,sim_config_9.json,855572.6,Espinaca,1166600.0,-311027.4,-0.2666101491513801,simple,seasonal-proportional,family_budget,311027.4,0.2666101491513801
408,Frutilla,sim_config_9.json,7391597.5,Frutilla,1703043.0,5688554.5,3.3402295185735182,simple,seasonal-proportional,family_budget,5688554.5,3.3402295185735182
409,Haba,sim_config_9.json,100816.16666666667,Haba,1008923.0769230769,-908106.9102564103,-0.9000754676222426,simple,seasonal-proportional,family_budget,908106.9102564103,0.9000754676222426
410,Lechuga,sim_config_9.json,36187.2,Lechuga,1009980.0,-973792.8,-0.9641703796114774,simple,seasonal-proportional,family_budget,973792.8,0.9641703796114774
411,Melón,sim_config_9.json,1442966.6666666667,Melón,118738.46153846153,1324228.2051282052,11.152479053295329,simple,seasonal-proportional,family_budget,1324228.2051282052,11.152479053295329
412,Pepino ensalada,sim_config_9.json,55215.0,Pepino ensalada,698600.0,-643385.0,-0.9209633552819926,simple,seasonal-proportional,family_budget,643385.0,0.9209633552819926
413,Poroto granado,sim_config_9.json,89562.0,Poroto granado,795361.5384615385,-705799.5384615385,-0.8873946052593402,simple,seasonal-proportional,family_budget,705799.5384615385,0.8873946052593402
414,Poroto verde,sim_config_9.json,1842146.1666666667,Poroto verde,145250.0,1696896.1666666667,11.682589787722318,simple,seasonal-proportional,family_budget,1696896.1666666667,11.682589787722318
415,Repollo,sim_config_9.json,205525.25000000003,Repollo,10900.0,194625.25000000003,17.855527522935784,simple,seasonal-proportional,family_budget,194625.25000000003,17.855527522935784
416,Sandia,sim_config_9.json,1321650.8333333333,Sandia,85578.46153846153,1236072.3717948718,14.443732097700117,simple,seasonal-proportional,family_budget,1236072.3717948718,14.443732097700117
417,Tomate,sim_config_9.json,5796495.0,Tomate,4598640.0,1197855.0,0.26048027242837013,simple,seasonal-proportional,family_budget,1197855.0,0.26048027242837013
418,Zanahoria,sim_config_9.json,1281165.8999999997,Zanahoria,3576960.0,-2295794.1000000006,-0.641828284353194,simple,seasonal-proportional,family_budget,2295794.1000000006,0.641828284353194
419,Zapallo italiano,sim_config_9.json,5995411.5,Zapallo italiano,2927400.0,3068011.5,1.0480328960852634,simple,seasonal-proportional,family_budget,3068011.5,1.0480328960852634
420,Ajo,sim_config_files/sim_config_20.json,0.0,Ajo,2220500.0,-2220500.0,-1.0,risk,seasonal-proportional,family,2220500.0,1.0
421,Alcachofa,sim_config_files/sim_config_20.json,0.0,Alcachofa,196915.38461538462,-196915.38461538462,-1.0,risk,seasonal-proportional,family,196915.38461538462,1.0
422,Apio,sim_config_files/sim_config_20.json,0.0,Apio,450000.0,-450000.0,-1.0,risk,seasonal-proportional,family,450000.0,1.0
423,Arveja Verde,sim_config_files/sim_config_20.json,0.0,Arveja Verde,116750.0,-116750.0,-1.0,risk,seasonal-proportional,family,116750.0,1.0
424,Brócoli,sim_config_files/sim_config_20.json,0.0,Brócoli,4899440.0,-4899440.0,-1.0,risk,seasonal-proportional,family,4899440.0,1.0
425,Choclo,sim_config_files/sim_config_20.json,0.0,Choclo,17291000.0,-17291000.0,-1.0,risk,seasonal-proportional,family,17291000.0,1.0
426,Coliflor,sim_config_files/sim_config_20.json,0.0,Coliflor,4880610.0,-4880610.0,-1.0,risk,seasonal-proportional,family,4880610.0,1.0
427,Espinaca,sim_config_files/sim_config_20.json,0.0,Espinaca,1166600.0,-1166600.0,-1.0,risk,seasonal-proportional,family,1166600.0,1.0
428,Frutilla,sim_config_files/sim_config_20.json,0.0,Frutilla,1703043.0,-1703043.0,-1.0,risk,seasonal-proportional,family,1703043.0,1.0
429,Haba,sim_config_files/sim_config_20.json,0.0,Haba,1008923.0769230769,-1008923.0769230769,-1.0,risk,seasonal-proportional,family,1008923.0769230769,1.0
430,Lechuga,sim_config_files/sim_config_20.json,0.0,Lechuga,1009980.0,-1009980.0,-1.0,risk,seasonal-proportional,family,1009980.0,1.0
431,Melón,sim_config_files/sim_config_20.json,0.0,Melón,118738.46153846153,-118738.46153846153,-1.0,risk,seasonal-proportional,family,118738.46153846153,1.0
432,Pepino ensalada,sim_config_files/sim_config_20.json,0.0,Pepino ensalada,698600.0,-698600.0,-1.0,risk,seasonal-proportional,family,698600.0,1.0
433,Poroto granado,sim_config_files/sim_config_20.json,0.0,Poroto granado,795361.5384615385,-795361.5384615385,-1.0,risk,seasonal-proportional,family,795361.5384615385,1.0
434,Poroto verde,sim_config_files/sim_config_20.json,0.0,Poroto verde,145250.0,-145250.0,-1.0,risk,seasonal-proportional,family,145250.0,1.0
435,Repollo,sim_config_files/sim_config_20.json,0.0,Repollo,10900.0,-10900.0,-1.0,risk,seasonal-proportional,family,10900.0,1.0
436,Sandia,sim_config_files/sim_config_20.json,0.0,Sandia,85578.46153846153,-85578.46153846153,-1.0,risk,seasonal-proportional,family,85578.46153846153,1.0
437,Tomate,sim_config_files/sim_config_20.json,0.0,Tomate,4598640.0,-4598640.0,-1.0,risk,seasonal-proportional,family,4598640.0,1.0
438,Zanahoria,sim_config_files/sim_config_20.json,0.0,Zanahoria,3576960.0,-3576960.0,-1.0,risk,seasonal-proportional,family,3576960.0,1.0
439,Zapallo italiano,sim_config_files/sim_config_20.json,0.0,Zapallo italiano,2927400.0,-2927400.0,-1.0,risk,seasonal-proportional,family,2927400.0,1.0
